path,split,speaker,gender,dialect,sentence
audio/TRAIN_DR1_FCJF0_SA2.WAV,TRAIN,FCJF0,F,DR1,SA2
audio/TRAIN_DR1_FDAW0_SA2.WAV,TRAIN,FDAW0,F,DR1,SA2
audio/TRAIN_DR1_FDML0_SA2.WAV,TRAIN,FDML0,F,DR1,SA2
audio/TRAIN_DR1_FECD0_SA2.WAV,TRAIN,FECD0,F,DR1,SA2
audio/TRAIN_DR1_FETB0_SA2.WAV,TRAIN,FETB0,F,DR1,SA2
audio/TRAIN_DR1_FJSP0_SA2.WAV,TRAIN,FJSP0,F,DR1,SA2
audio/TRAIN_DR1_FKFB0_SA2.WAV,TRAIN,FKFB0,F,DR1,SA2
audio/TRAIN_DR1_FMEM0_SA2.WAV,TRAIN,FMEM0,F,DR1,SA2
audio/TRAIN_DR1_FSAH0_SA2.WAV,TRAIN,FSAH0,F,DR1,SA2
audio/TRAIN_DR1_FSJK1_SA2.WAV,TRAIN,FSJK1,F,DR1,SA2
audio/TRAIN_DR1_FSMA0_SA2.WAV,TRAIN,FSMA0,F,DR1,SA2
audio/TRAIN_DR1_FTBR0_SA2.WAV,TRAIN,FTBR0,F,DR1,SA2
audio/TRAIN_DR1_FVFB0_SA2.WAV,TRAIN,FVFB0,F,DR1,SA2
audio/TRAIN_DR1_FVMH0_SA2.WAV,TRAIN,FVMH0,F,DR1,SA2
audio/TRAIN_DR1_MCPM0_SA2.WAV,TRAIN,MCPM0,M,DR1,SA2
audio/TRAIN_DR1_MDAC0_SA2.WAV,TRAIN,MDAC0,M,DR1,SA2
audio/TRAIN_DR1_MDPK0_SA2.WAV,TRAIN,MDPK0,M,DR1,SA2
audio/TRAIN_DR1_MEDR0_SA2.WAV,TRAIN,MEDR0,M,DR1,SA2
audio/TRAIN_DR1_MGRL0_SA2.WAV,TRAIN,MGRL0,M,DR1,SA2
audio/TRAIN_DR1_MJEB1_SA2.WAV,TRAIN,MJEB1,M,DR1,SA2
audio/TRAIN_DR1_MJWT0_SA2.WAV,TRAIN,MJWT0,M,DR1,SA2
audio/TRAIN_DR1_MKLS0_SA2.WAV,TRAIN,MKLS0,M,DR1,SA2
audio/TRAIN_DR1_MKLW0_SA2.WAV,TRAIN,MKLW0,M,DR1,SA2
audio/TRAIN_DR1_MMGG0_SA2.WAV,TRAIN,MMGG0,M,DR1,SA2
audio/TRAIN_DR1_MMRP0_SA2.WAV,TRAIN,MMRP0,M,DR1,SA2
audio/TRAIN_DR1_MPGH0_SA2.WAV,TRAIN,MPGH0,M,DR1,SA2
audio/TRAIN_DR1_MPGR0_SA2.WAV,TRAIN,MPGR0,M,DR1,SA2
audio/TRAIN_DR1_MPSW0_SA2.WAV,TRAIN,MPSW0,M,DR1,SA2
audio/TRAIN_DR1_MRAI0_SA2.WAV,TRAIN,MRAI0,M,DR1,SA2
audio/TRAIN_DR1_MRCG0_SA2.WAV,TRAIN,MRCG0,M,DR1,SA2
audio/TRAIN_DR1_MRDD0_SA2.WAV,TRAIN,MRDD0,M,DR1,SA2
audio/TRAIN_DR1_MRSO0_SA2.WAV,TRAIN,MRSO0,M,DR1,SA2
audio/TRAIN_DR1_MRWS0_SA2.WAV,TRAIN,MRWS0,M,DR1,SA2
audio/TRAIN_DR1_MTJS0_SA2.WAV,TRAIN,MTJS0,M,DR1,SA2
audio/TRAIN_DR1_MTPF0_SA2.WAV,TRAIN,MTPF0,M,DR1,SA2
audio/TRAIN_DR1_MTRR0_SA2.WAV,TRAIN,MTRR0,M,DR1,SA2
audio/TRAIN_DR1_MWAD0_SA2.WAV,TRAIN,MWAD0,M,DR1,SA2
audio/TRAIN_DR1_MWAR0_SA2.WAV,TRAIN,MWAR0,M,DR1,SA2
audio/TRAIN_DR2_FAEM0_SA2.WAV,TRAIN,FAEM0,F,DR2,SA2
audio/TRAIN_DR2_FAJW0_SA2.WAV,TRAIN,FAJW0,F,DR2,SA2
audio/TRAIN_DR2_FCAJ0_SA2.WAV,TRAIN,FCAJ0,F,DR2,SA2
audio/TRAIN_DR2_FCMM0_SA2.WAV,TRAIN,FCMM0,F,DR2,SA2
audio/TRAIN_DR2_FCYL0_SA2.WAV,TRAIN,FCYL0,F,DR2,SA2
audio/TRAIN_DR2_FDAS1_SA2.WAV,TRAIN,FDAS1,F,DR2,SA2
audio/TRAIN_DR2_FDNC0_SA2.WAV,TRAIN,FDNC0,F,DR2,SA2
audio/TRAIN_DR2_FDXW0_SA2.WAV,TRAIN,FDXW0,F,DR2,SA2
audio/TRAIN_DR2_FEAC0_SA2.WAV,TRAIN,FEAC0,F,DR2,SA2
audio/TRAIN_DR2_FHLM0_SA2.WAV,TRAIN,FHLM0,F,DR2,SA2
audio/TRAIN_DR2_FJKL0_SA2.WAV,TRAIN,FJKL0,F,DR2,SA2
audio/TRAIN_DR2_FKAA0_SA2.WAV,TRAIN,FKAA0,F,DR2,SA2
audio/TRAIN_DR2_FLMA0_SA2.WAV,TRAIN,FLMA0,F,DR2,SA2
audio/TRAIN_DR2_FLMC0_SA2.WAV,TRAIN,FLMC0,F,DR2,SA2
audio/TRAIN_DR2_FMJB0_SA2.WAV,TRAIN,FMJB0,F,DR2,SA2
audio/TRAIN_DR2_FMKF0_SA2.WAV,TRAIN,FMKF0,F,DR2,SA2
audio/TRAIN_DR2_FMMH0_SA2.WAV,TRAIN,FMMH0,F,DR2,SA2
audio/TRAIN_DR2_FPJF0_SA2.WAV,TRAIN,FPJF0,F,DR2,SA2
audio/TRAIN_DR2_FRLL0_SA2.WAV,TRAIN,FRLL0,F,DR2,SA2
audio/TRAIN_DR2_FSCN0_SA2.WAV,TRAIN,FSCN0,F,DR2,SA2
audio/TRAIN_DR2_FSKL0_SA2.WAV,TRAIN,FSKL0,F,DR2,SA2
audio/TRAIN_DR2_FSRH0_SA2.WAV,TRAIN,FSRH0,F,DR2,SA2
audio/TRAIN_DR2_FTMG0_SA2.WAV,TRAIN,FTMG0,F,DR2,SA2
audio/TRAIN_DR2_MARC0_SA2.WAV,TRAIN,MARC0,M,DR2,SA2
audio/TRAIN_DR2_MBJV0_SA2.WAV,TRAIN,MBJV0,M,DR2,SA2
audio/TRAIN_DR2_MCEW0_SA2.WAV,TRAIN,MCEW0,M,DR2,SA2
audio/TRAIN_DR2_MCTM0_SA2.WAV,TRAIN,MCTM0,M,DR2,SA2
audio/TRAIN_DR2_MDBP0_SA2.WAV,TRAIN,MDBP0,M,DR2,SA2
audio/TRAIN_DR2_MDEM0_SA2.WAV,TRAIN,MDEM0,M,DR2,SA2
audio/TRAIN_DR2_MDLB0_SA2.WAV,TRAIN,MDLB0,M,DR2,SA2
audio/TRAIN_DR2_MDLC2_SA2.WAV,TRAIN,MDLC2,M,DR2,SA2
audio/TRAIN_DR2_MDMT0_SA2.WAV,TRAIN,MDMT0,M,DR2,SA2
audio/TRAIN_DR2_MDPS0_SA2.WAV,TRAIN,MDPS0,M,DR2,SA2
audio/TRAIN_DR2_MDSS0_SA2.WAV,TRAIN,MDSS0,M,DR2,SA2
audio/TRAIN_DR2_MDWD0_SA2.WAV,TRAIN,MDWD0,M,DR2,SA2
audio/TRAIN_DR2_MEFG0_SA2.WAV,TRAIN,MEFG0,M,DR2,SA2
audio/TRAIN_DR2_MHRM0_SA2.WAV,TRAIN,MHRM0,M,DR2,SA2
audio/TRAIN_DR2_MJAE0_SA2.WAV,TRAIN,MJAE0,M,DR2,SA2
audio/TRAIN_DR2_MJBG0_SA2.WAV,TRAIN,MJBG0,M,DR2,SA2
audio/TRAIN_DR2_MJDE0_SA2.WAV,TRAIN,MJDE0,M,DR2,SA2
audio/TRAIN_DR2_MJEB0_SA2.WAV,TRAIN,MJEB0,M,DR2,SA2
audio/TRAIN_DR2_MJHI0_SA2.WAV,TRAIN,MJHI0,M,DR2,SA2
audio/TRAIN_DR2_MJMA0_SA2.WAV,TRAIN,MJMA0,M,DR2,SA2
audio/TRAIN_DR2_MJMD0_SA2.WAV,TRAIN,MJMD0,M,DR2,SA2
audio/TRAIN_DR2_MJPM0_SA2.WAV,TRAIN,MJPM0,M,DR2,SA2
audio/TRAIN_DR2_MJRP0_SA2.WAV,TRAIN,MJRP0,M,DR2,SA2
audio/TRAIN_DR2_MKAH0_SA2.WAV,TRAIN,MKAH0,M,DR2,SA2
audio/TRAIN_DR2_MKAJ0_SA2.WAV,TRAIN,MKAJ0,M,DR2,SA2
audio/TRAIN_DR2_MKDT0_SA2.WAV,TRAIN,MKDT0,M,DR2,SA2
audio/TRAIN_DR2_MKJO0_SA2.WAV,TRAIN,MKJO0,M,DR2,SA2
audio/TRAIN_DR2_MMAA0_SA2.WAV,TRAIN,MMAA0,M,DR2,SA2
audio/TRAIN_DR2_MMAG0_SA2.WAV,TRAIN,MMAG0,M,DR2,SA2
audio/TRAIN_DR2_MMDS0_SA2.WAV,TRAIN,MMDS0,M,DR2,SA2
audio/TRAIN_DR2_MMGK0_SA2.WAV,TRAIN,MMGK0,M,DR2,SA2
audio/TRAIN_DR2_MMXS0_SA2.WAV,TRAIN,MMXS0,M,DR2,SA2
audio/TRAIN_DR2_MPPC0_SA2.WAV,TRAIN,MPPC0,M,DR2,SA2
audio/TRAIN_DR2_MPRB0_SA2.WAV,TRAIN,MPRB0,M,DR2,SA2
audio/TRAIN_DR2_MRAB0_SA2.WAV,TRAIN,MRAB0,M,DR2,SA2
audio/TRAIN_DR2_MRCW0_SA2.WAV,TRAIN,MRCW0,M,DR2,SA2
audio/TRAIN_DR2_MRFK0_SA2.WAV,TRAIN,MRFK0,M,DR2,SA2
audio/TRAIN_DR2_MRGS0_SA2.WAV,TRAIN,MRGS0,M,DR2,SA2
audio/TRAIN_DR2_MRHL0_SA2.WAV,TRAIN,MRHL0,M,DR2,SA2
audio/TRAIN_DR2_MRJH0_SA2.WAV,TRAIN,MRJH0,M,DR2,SA2
audio/TRAIN_DR2_MRJM0_SA2.WAV,TRAIN,MRJM0,M,DR2,SA2
audio/TRAIN_DR2_MRJM1_SA2.WAV,TRAIN,MRJM1,M,DR2,SA2
audio/TRAIN_DR2_MRJT0_SA2.WAV,TRAIN,MRJT0,M,DR2,SA2
audio/TRAIN_DR2_MRLJ0_SA2.WAV,TRAIN,MRLJ0,M,DR2,SA2
audio/TRAIN_DR2_MRLR0_SA2.WAV,TRAIN,MRLR0,M,DR2,SA2
audio/TRAIN_DR2_MRMS0_SA2.WAV,TRAIN,MRMS0,M,DR2,SA2
audio/TRAIN_DR2_MSAT0_SA2.WAV,TRAIN,MSAT0,M,DR2,SA2
audio/TRAIN_DR2_MTAT1_SA2.WAV,TRAIN,MTAT1,M,DR2,SA2
audio/TRAIN_DR2_MTBC0_SA2.WAV,TRAIN,MTBC0,M,DR2,SA2
audio/TRAIN_DR2_MTDB0_SA2.WAV,TRAIN,MTDB0,M,DR2,SA2
audio/TRAIN_DR2_MTJG0_SA2.WAV,TRAIN,MTJG0,M,DR2,SA2
audio/TRAIN_DR2_MWSB0_SA2.WAV,TRAIN,MWSB0,M,DR2,SA2
audio/TRAIN_DR2_MZMB0_SA2.WAV,TRAIN,MZMB0,M,DR2,SA2
audio/TRAIN_DR3_FALK0_SA2.WAV,TRAIN,FALK0,F,DR3,SA2
audio/TRAIN_DR3_FCKE0_SA2.WAV,TRAIN,FCKE0,F,DR3,SA2
audio/TRAIN_DR3_FCMG0_SA2.WAV,TRAIN,FCMG0,F,DR3,SA2
audio/TRAIN_DR3_FDFB0_SA2.WAV,TRAIN,FDFB0,F,DR3,SA2
audio/TRAIN_DR3_FDJH0_SA2.WAV,TRAIN,FDJH0,F,DR3,SA2
audio/TRAIN_DR3_FEME0_SA2.WAV,TRAIN,FEME0,F,DR3,SA2
audio/TRAIN_DR3_FGCS0_SA2.WAV,TRAIN,FGCS0,F,DR3,SA2
audio/TRAIN_DR3_FGRW0_SA2.WAV,TRAIN,FGRW0,F,DR3,SA2
audio/TRAIN_DR3_FJLG0_SA2.WAV,TRAIN,FJLG0,F,DR3,SA2
audio/TRAIN_DR3_FJLR0_SA2.WAV,TRAIN,FJLR0,F,DR3,SA2
audio/TRAIN_DR3_FLAC0_SA2.WAV,TRAIN,FLAC0,F,DR3,SA2
audio/TRAIN_DR3_FLJD0_SA2.WAV,TRAIN,FLJD0,F,DR3,SA2
audio/TRAIN_DR3_FLTM0_SA2.WAV,TRAIN,FLTM0,F,DR3,SA2
audio/TRAIN_DR3_FMJF0_SA2.WAV,TRAIN,FMJF0,F,DR3,SA2
audio/TRAIN_DR3_FNTB0_SA2.WAV,TRAIN,FNTB0,F,DR3,SA2
audio/TRAIN_DR3_FPAZ0_SA2.WAV,TRAIN,FPAZ0,F,DR3,SA2
audio/TRAIN_DR3_FSJS0_SA2.WAV,TRAIN,FSJS0,F,DR3,SA2
audio/TRAIN_DR3_FSJW0_SA2.WAV,TRAIN,FSJW0,F,DR3,SA2
audio/TRAIN_DR3_FSKC0_SA2.WAV,TRAIN,FSKC0,F,DR3,SA2
audio/TRAIN_DR3_FSLS0_SA2.WAV,TRAIN,FSLS0,F,DR3,SA2
audio/TRAIN_DR3_MADC0_SA2.WAV,TRAIN,MADC0,M,DR3,SA2
audio/TRAIN_DR3_MAKB0_SA2.WAV,TRAIN,MAKB0,M,DR3,SA2
audio/TRAIN_DR3_MAKR0_SA2.WAV,TRAIN,MAKR0,M,DR3,SA2
audio/TRAIN_DR3_MAPV0_SA2.WAV,TRAIN,MAPV0,M,DR3,SA2
audio/TRAIN_DR3_MBEF0_SA2.WAV,TRAIN,MBEF0,M,DR3,SA2
audio/TRAIN_DR3_MCAL0_SA2.WAV,TRAIN,MCAL0,M,DR3,SA2
audio/TRAIN_DR3_MCDC0_SA2.WAV,TRAIN,MCDC0,M,DR3,SA2
audio/TRAIN_DR3_MCDD0_SA2.WAV,TRAIN,MCDD0,M,DR3,SA2
audio/TRAIN_DR3_MCEF0_SA2.WAV,TRAIN,MCEF0,M,DR3,SA2
audio/TRAIN_DR3_MDBB1_SA2.WAV,TRAIN,MDBB1,M,DR3,SA2
audio/TRAIN_DR3_MDDC0_SA2.WAV,TRAIN,MDDC0,M,DR3,SA2
audio/TRAIN_DR3_MDEF0_SA2.WAV,TRAIN,MDEF0,M,DR3,SA2
audio/TRAIN_DR3_MDHS0_SA2.WAV,TRAIN,MDHS0,M,DR3,SA2
audio/TRAIN_DR3_MDJM0_SA2.WAV,TRAIN,MDJM0,M,DR3,SA2
audio/TRAIN_DR3_MDLC0_SA2.WAV,TRAIN,MDLC0,M,DR3,SA2
audio/TRAIN_DR3_MDLH0_SA2.WAV,TRAIN,MDLH0,M,DR3,SA2
audio/TRAIN_DR3_MDNS0_SA2.WAV,TRAIN,MDNS0,M,DR3,SA2
audio/TRAIN_DR3_MDSS1_SA2.WAV,TRAIN,MDSS1,M,DR3,SA2
audio/TRAIN_DR3_MDTB0_SA2.WAV,TRAIN,MDTB0,M,DR3,SA2
audio/TRAIN_DR3_MDWM0_SA2.WAV,TRAIN,MDWM0,M,DR3,SA2
audio/TRAIN_DR3_MFMC0_SA2.WAV,TRAIN,MFMC0,M,DR3,SA2
audio/TRAIN_DR3_MGAF0_SA2.WAV,TRAIN,MGAF0,M,DR3,SA2
audio/TRAIN_DR3_MHJB0_SA2.WAV,TRAIN,MHJB0,M,DR3,SA2
audio/TRAIN_DR3_MHMR0_SA2.WAV,TRAIN,MHMR0,M,DR3,SA2
audio/TRAIN_DR3_MILB0_SA2.WAV,TRAIN,MILB0,M,DR3,SA2
audio/TRAIN_DR3_MJDA0_SA2.WAV,TRAIN,MJDA0,M,DR3,SA2
audio/TRAIN_DR3_MJJB0_SA2.WAV,TRAIN,MJJB0,M,DR3,SA2
audio/TRAIN_DR3_MJKR0_SA2.WAV,TRAIN,MJKR0,M,DR3,SA2
audio/TRAIN_DR3_MJLG1_SA2.WAV,TRAIN,MJLG1,M,DR3,SA2
audio/TRAIN_DR3_MJRH1_SA2.WAV,TRAIN,MJRH1,M,DR3,SA2
audio/TRAIN_DR3_MKLS1_SA2.WAV,TRAIN,MKLS1,M,DR3,SA2
audio/TRAIN_DR3_MKXL0_SA2.WAV,TRAIN,MKXL0,M,DR3,SA2
audio/TRAIN_DR3_MLNS0_SA2.WAV,TRAIN,MLNS0,M,DR3,SA2
audio/TRAIN_DR3_MMAM0_SA2.WAV,TRAIN,MMAM0,M,DR3,SA2
audio/TRAIN_DR3_MMAR0_SA2.WAV,TRAIN,MMAR0,M,DR3,SA2
audio/TRAIN_DR3_MMEB0_SA2.WAV,TRAIN,MMEB0,M,DR3,SA2
audio/TRAIN_DR3_MMJB1_SA2.WAV,TRAIN,MMJB1,M,DR3,SA2
audio/TRAIN_DR3_MMSM0_SA2.WAV,TRAIN,MMSM0,M,DR3,SA2
audio/TRAIN_DR3_MPRD0_SA2.WAV,TRAIN,MPRD0,M,DR3,SA2
audio/TRAIN_DR3_MRBC0_SA2.WAV,TRAIN,MRBC0,M,DR3,SA2
audio/TRAIN_DR3_MRDS0_SA2.WAV,TRAIN,MRDS0,M,DR3,SA2
audio/TRAIN_DR3_MREE0_SA2.WAV,TRAIN,MREE0,M,DR3,SA2
audio/TRAIN_DR3_MREH1_SA2.WAV,TRAIN,MREH1,M,DR3,SA2
audio/TRAIN_DR3_MRJB1_SA2.WAV,TRAIN,MRJB1,M,DR3,SA2
audio/TRAIN_DR3_MRTC0_SA2.WAV,TRAIN,MRTC0,M,DR3,SA2
audio/TRAIN_DR3_MRTJ0_SA2.WAV,TRAIN,MRTJ0,M,DR3,SA2
audio/TRAIN_DR3_MRWA0_SA2.WAV,TRAIN,MRWA0,M,DR3,SA2
audio/TRAIN_DR3_MSFV0_SA2.WAV,TRAIN,MSFV0,M,DR3,SA2
audio/TRAIN_DR3_MTJM0_SA2.WAV,TRAIN,MTJM0,M,DR3,SA2
audio/TRAIN_DR3_MTKP0_SA2.WAV,TRAIN,MTKP0,M,DR3,SA2
audio/TRAIN_DR3_MTLB0_SA2.WAV,TRAIN,MTLB0,M,DR3,SA2
audio/TRAIN_DR3_MTPG0_SA2.WAV,TRAIN,MTPG0,M,DR3,SA2
audio/TRAIN_DR3_MTPP0_SA2.WAV,TRAIN,MTPP0,M,DR3,SA2
audio/TRAIN_DR3_MVJH0_SA2.WAV,TRAIN,MVJH0,M,DR3,SA2
audio/TRAIN_DR3_MWDK0_SA2.WAV,TRAIN,MWDK0,M,DR3,SA2
audio/TRAIN_DR3_MWGR0_SA2.WAV,TRAIN,MWGR0,M,DR3,SA2
audio/TRAIN_DR4_FALR0_SA2.WAV,TRAIN,FALR0,F,DR4,SA2
audio/TRAIN_DR4_FBAS0_SA2.WAV,TRAIN,FBAS0,F,DR4,SA2
audio/TRAIN_DR4_FBMJ0_SA2.WAV,TRAIN,FBMJ0,F,DR4,SA2
audio/TRAIN_DR4_FCAG0_SA2.WAV,TRAIN,FCAG0,F,DR4,SA2
audio/TRAIN_DR4_FDKN0_SA2.WAV,TRAIN,FDKN0,F,DR4,SA2
audio/TRAIN_DR4_FEEH0_SA2.WAV,TRAIN,FEEH0,F,DR4,SA2
audio/TRAIN_DR4_FJWB1_SA2.WAV,TRAIN,FJWB1,F,DR4,SA2
audio/TRAIN_DR4_FJXP0_SA2.WAV,TRAIN,FJXP0,F,DR4,SA2
audio/TRAIN_DR4_FKDW0_SA2.WAV,TRAIN,FKDW0,F,DR4,SA2
audio/TRAIN_DR4_FKLC0_SA2.WAV,TRAIN,FKLC0,F,DR4,SA2
audio/TRAIN_DR4_FLHD0_SA2.WAV,TRAIN,FLHD0,F,DR4,SA2
audio/TRAIN_DR4_FLKM0_SA2.WAV,TRAIN,FLKM0,F,DR4,SA2
audio/TRAIN_DR4_FPAF0_SA2.WAV,TRAIN,FPAF0,F,DR4,SA2
audio/TRAIN_DR4_FSAK0_SA2.WAV,TRAIN,FSAK0,F,DR4,SA2
audio/TRAIN_DR4_FSSB0_SA2.WAV,TRAIN,FSSB0,F,DR4,SA2
audio/TRAIN_DR4_MAEB0_SA2.WAV,TRAIN,MAEB0,M,DR4,SA2
audio/TRAIN_DR4_MARW0_SA2.WAV,TRAIN,MARW0,M,DR4,SA2
audio/TRAIN_DR4_MBMA0_SA2.WAV,TRAIN,MBMA0,M,DR4,SA2
audio/TRAIN_DR4_MBWP0_SA2.WAV,TRAIN,MBWP0,M,DR4,SA2
audio/TRAIN_DR4_MCDR0_SA2.WAV,TRAIN,MCDR0,M,DR4,SA2
audio/TRAIN_DR4_MCSS0_SA2.WAV,TRAIN,MCSS0,M,DR4,SA2
audio/TRAIN_DR4_MDCD0_SA2.WAV,TRAIN,MDCD0,M,DR4,SA2
audio/TRAIN_DR4_MDMA0_SA2.WAV,TRAIN,MDMA0,M,DR4,SA2
audio/TRAIN_DR4_MESG0_SA2.WAV,TRAIN,MESG0,M,DR4,SA2
audio/TRAIN_DR4_MFRM0_SA2.WAV,TRAIN,MFRM0,M,DR4,SA2
audio/TRAIN_DR4_MFWK0_SA2.WAV,TRAIN,MFWK0,M,DR4,SA2
audio/TRAIN_DR4_MGAG0_SA2.WAV,TRAIN,MGAG0,M,DR4,SA2
audio/TRAIN_DR4_MGJC0_SA2.WAV,TRAIN,MGJC0,M,DR4,SA2
audio/TRAIN_DR4_MGRP0_SA2.WAV,TRAIN,MGRP0,M,DR4,SA2
audio/TRAIN_DR4_MGXP0_SA2.WAV,TRAIN,MGXP0,M,DR4,SA2
audio/TRAIN_DR4_MJAC0_SA2.WAV,TRAIN,MJAC0,M,DR4,SA2
audio/TRAIN_DR4_MJDC0_SA2.WAV,TRAIN,MJDC0,M,DR4,SA2
audio/TRAIN_DR4_MJEE0_SA2.WAV,TRAIN,MJEE0,M,DR4,SA2
audio/TRAIN_DR4_MJJJ0_SA2.WAV,TRAIN,MJJJ0,M,DR4,SA2
audio/TRAIN_DR4_MJLB0_SA2.WAV,TRAIN,MJLB0,M,DR4,SA2
audio/TRAIN_DR4_MJLS0_SA2.WAV,TRAIN,MJLS0,M,DR4,SA2
audio/TRAIN_DR4_MJMM0_SA2.WAV,TRAIN,MJMM0,M,DR4,SA2
audio/TRAIN_DR4_MJPM1_SA2.WAV,TRAIN,MJPM1,M,DR4,SA2
audio/TRAIN_DR4_MJRH0_SA2.WAV,TRAIN,MJRH0,M,DR4,SA2
audio/TRAIN_DR4_MJSR0_SA2.WAV,TRAIN,MJSR0,M,DR4,SA2
audio/TRAIN_DR4_MJWS0_SA2.WAV,TRAIN,MJWS0,M,DR4,SA2
audio/TRAIN_DR4_MJXL0_SA2.WAV,TRAIN,MJXL0,M,DR4,SA2
audio/TRAIN_DR4_MKAM0_SA2.WAV,TRAIN,MKAM0,M,DR4,SA2
audio/TRAIN_DR4_MLBC0_SA2.WAV,TRAIN,MLBC0,M,DR4,SA2
audio/TRAIN_DR4_MLEL0_SA2.WAV,TRAIN,MLEL0,M,DR4,SA2
audio/TRAIN_DR4_MLJC0_SA2.WAV,TRAIN,MLJC0,M,DR4,SA2
audio/TRAIN_DR4_MLJH0_SA2.WAV,TRAIN,MLJH0,M,DR4,SA2
audio/TRAIN_DR4_MLSH0_SA2.WAV,TRAIN,MLSH0,M,DR4,SA2
audio/TRAIN_DR4_MMBS0_SA2.WAV,TRAIN,MMBS0,M,DR4,SA2
audio/TRAIN_DR4_MMDM0_SA2.WAV,TRAIN,MMDM0,M,DR4,SA2
audio/TRAIN_DR4_MMGC0_SA2.WAV,TRAIN,MMGC0,M,DR4,SA2
audio/TRAIN_DR4_MNET0_SA2.WAV,TRAIN,MNET0,M,DR4,SA2
audio/TRAIN_DR4_MPEB0_SA2.WAV,TRAIN,MPEB0,M,DR4,SA2
audio/TRAIN_DR4_MPRK0_SA2.WAV,TRAIN,MPRK0,M,DR4,SA2
audio/TRAIN_DR4_MPRT0_SA2.WAV,TRAIN,MPRT0,M,DR4,SA2
audio/TRAIN_DR4_MRAB1_SA2.WAV,TRAIN,MRAB1,M,DR4,SA2
audio/TRAIN_DR4_MRFL0_SA2.WAV,TRAIN,MRFL0,M,DR4,SA2
audio/TRAIN_DR4_MRGM0_SA2.WAV,TRAIN,MRGM0,M,DR4,SA2
audio/TRAIN_DR4_MRSP0_SA2.WAV,TRAIN,MRSP0,M,DR4,SA2
audio/TRAIN_DR4_MSFH0_SA2.WAV,TRAIN,MSFH0,M,DR4,SA2
audio/TRAIN_DR4_MSMC0_SA2.WAV,TRAIN,MSMC0,M,DR4,SA2
audio/TRAIN_DR4_MSMS0_SA2.WAV,TRAIN,MSMS0,M,DR4,SA2
audio/TRAIN_DR4_MSRG0_SA2.WAV,TRAIN,MSRG0,M,DR4,SA2
audio/TRAIN_DR4_MSTF0_SA2.WAV,TRAIN,MSTF0,M,DR4,SA2
audio/TRAIN_DR4_MTAS0_SA2.WAV,TRAIN,MTAS0,M,DR4,SA2
audio/TRAIN_DR4_MTQC0_SA2.WAV,TRAIN,MTQC0,M,DR4,SA2
audio/TRAIN_DR4_MTRC0_SA2.WAV,TRAIN,MTRC0,M,DR4,SA2
audio/TRAIN_DR4_MTRT0_SA2.WAV,TRAIN,MTRT0,M,DR4,SA2
audio/TRAIN_DR5_FBJL0_SA2.WAV,TRAIN,FBJL0,F,DR5,SA2
audio/TRAIN_DR5_FBMH0_SA2.WAV,TRAIN,FBMH0,F,DR5,SA2
audio/TRAIN_DR5_FCDR1_SA2.WAV,TRAIN,FCDR1,F,DR5,SA2
audio/TRAIN_DR5_FDMY0_SA2.WAV,TRAIN,FDMY0,F,DR5,SA2
audio/TRAIN_DR5_FDTD0_SA2.WAV,TRAIN,FDTD0,F,DR5,SA2
audio/TRAIN_DR5_FEAR0_SA2.WAV,TRAIN,FEAR0,F,DR5,SA2
audio/TRAIN_DR5_FEXM0_SA2.WAV,TRAIN,FEXM0,F,DR5,SA2
audio/TRAIN_DR5_FGDP0_SA2.WAV,TRAIN,FGDP0,F,DR5,SA2
audio/TRAIN_DR5_FGMB0_SA2.WAV,TRAIN,FGMB0,F,DR5,SA2
audio/TRAIN_DR5_FJXM0_SA2.WAV,TRAIN,FJXM0,F,DR5,SA2
audio/TRAIN_DR5_FKKH0_SA2.WAV,TRAIN,FKKH0,F,DR5,SA2
audio/TRAIN_DR5_FLJA0_SA2.WAV,TRAIN,FLJA0,F,DR5,SA2
audio/TRAIN_DR5_FLJG0_SA2.WAV,TRAIN,FLJG0,F,DR5,SA2
audio/TRAIN_DR5_FLMK0_SA2.WAV,TRAIN,FLMK0,F,DR5,SA2
audio/TRAIN_DR5_FLOD0_SA2.WAV,TRAIN,FLOD0,F,DR5,SA2
audio/TRAIN_DR5_FMPG0_SA2.WAV,TRAIN,FMPG0,F,DR5,SA2
audio/TRAIN_DR5_FPMY0_SA2.WAV,TRAIN,FPMY0,F,DR5,SA2
audio/TRAIN_DR5_FSAG0_SA2.WAV,TRAIN,FSAG0,F,DR5,SA2
audio/TRAIN_DR5_FSDC0_SA2.WAV,TRAIN,FSDC0,F,DR5,SA2
audio/TRAIN_DR5_FSJG0_SA2.WAV,TRAIN,FSJG0,F,DR5,SA2
audio/TRAIN_DR5_FSKP0_SA2.WAV,TRAIN,FSKP0,F,DR5,SA2
audio/TRAIN_DR5_FSMM0_SA2.WAV,TRAIN,FSMM0,F,DR5,SA2
audio/TRAIN_DR5_FSMS1_SA2.WAV,TRAIN,FSMS1,F,DR5,SA2
audio/TRAIN_DR5_FTBW0_SA2.WAV,TRAIN,FTBW0,F,DR5,SA2
audio/TRAIN_DR5_FTLG0_SA2.WAV,TRAIN,FTLG0,F,DR5,SA2
audio/TRAIN_DR5_MBGT0_SA2.WAV,TRAIN,MBGT0,M,DR5,SA2
audio/TRAIN_DR5_MCHL0_SA2.WAV,TRAIN,MCHL0,M,DR5,SA2
audio/TRAIN_DR5_MCLM0_SA2.WAV,TRAIN,MCLM0,M,DR5,SA2
audio/TRAIN_DR5_MDAS0_SA2.WAV,TRAIN,MDAS0,M,DR5,SA2
audio/TRAIN_DR5_MDHL0_SA2.WAV,TRAIN,MDHL0,M,DR5,SA2
audio/TRAIN_DR5_MDSJ0_SA2.WAV,TRAIN,MDSJ0,M,DR5,SA2
audio/TRAIN_DR5_MDWH0_SA2.WAV,TRAIN,MDWH0,M,DR5,SA2
audio/TRAIN_DR5_MEGJ0_SA2.WAV,TRAIN,MEGJ0,M,DR5,SA2
audio/TRAIN_DR5_MEWM0_SA2.WAV,TRAIN,MEWM0,M,DR5,SA2
audio/TRAIN_DR5_MFER0_SA2.WAV,TRAIN,MFER0,M,DR5,SA2
audio/TRAIN_DR5_MGES0_SA2.WAV,TRAIN,MGES0,M,DR5,SA2
audio/TRAIN_DR5_MGSH0_SA2.WAV,TRAIN,MGSH0,M,DR5,SA2
audio/TRAIN_DR5_MHIT0_SA2.WAV,TRAIN,MHIT0,M,DR5,SA2
audio/TRAIN_DR5_MHMG0_SA2.WAV,TRAIN,MHMG0,M,DR5,SA2
audio/TRAIN_DR5_MJDM0_SA2.WAV,TRAIN,MJDM0,M,DR5,SA2
audio/TRAIN_DR5_MJFH0_SA2.WAV,TRAIN,MJFH0,M,DR5,SA2
audio/TRAIN_DR5_MJPG0_SA2.WAV,TRAIN,MJPG0,M,DR5,SA2
audio/TRAIN_DR5_MJRG0_SA2.WAV,TRAIN,MJRG0,M,DR5,SA2
audio/TRAIN_DR5_MJWG0_SA2.WAV,TRAIN,MJWG0,M,DR5,SA2
audio/TRAIN_DR5_MJXA0_SA2.WAV,TRAIN,MJXA0,M,DR5,SA2
audio/TRAIN_DR5_MMAB1_SA2.WAV,TRAIN,MMAB1,M,DR5,SA2
audio/TRAIN_DR5_MMCC0_SA2.WAV,TRAIN,MMCC0,M,DR5,SA2
audio/TRAIN_DR5_MMDM1_SA2.WAV,TRAIN,MMDM1,M,DR5,SA2
audio/TRAIN_DR5_MMVP0_SA2.WAV,TRAIN,MMVP0,M,DR5,SA2
audio/TRAIN_DR5_MMWB0_SA2.WAV,TRAIN,MMWB0,M,DR5,SA2
audio/TRAIN_DR5_MPMB0_SA2.WAV,TRAIN,MPMB0,M,DR5,SA2
audio/TRAIN_DR5_MRAM0_SA2.WAV,TRAIN,MRAM0,M,DR5,SA2
audio/TRAIN_DR5_MRAV0_SA2.WAV,TRAIN,MRAV0,M,DR5,SA2
audio/TRAIN_DR5_MREW1_SA2.WAV,TRAIN,MREW1,M,DR5,SA2
audio/TRAIN_DR5_MRKM0_SA2.WAV,TRAIN,MRKM0,M,DR5,SA2
audio/TRAIN_DR5_MRLD0_SA2.WAV,TRAIN,MRLD0,M,DR5,SA2
audio/TRAIN_DR5_MRML0_SA2.WAV,TRAIN,MRML0,M,DR5,SA2
audio/TRAIN_DR5_MRVG0_SA2.WAV,TRAIN,MRVG0,M,DR5,SA2
audio/TRAIN_DR5_MSAS0_SA2.WAV,TRAIN,MSAS0,M,DR5,SA2
audio/TRAIN_DR5_MSDH0_SA2.WAV,TRAIN,MSDH0,M,DR5,SA2
audio/TRAIN_DR5_MSEM1_SA2.WAV,TRAIN,MSEM1,M,DR5,SA2
audio/TRAIN_DR5_MSRR0_SA2.WAV,TRAIN,MSRR0,M,DR5,SA2
audio/TRAIN_DR5_MTAT0_SA2.WAV,TRAIN,MTAT0,M,DR5,SA2
audio/TRAIN_DR5_MTDP0_SA2.WAV,TRAIN,MTDP0,M,DR5,SA2
audio/TRAIN_DR5_MTMT0_SA2.WAV,TRAIN,MTMT0,M,DR5,SA2
audio/TRAIN_DR5_MVLO0_SA2.WAV,TRAIN,MVLO0,M,DR5,SA2
audio/TRAIN_DR5_MWAC0_SA2.WAV,TRAIN,MWAC0,M,DR5,SA2
audio/TRAIN_DR5_MWCH0_SA2.WAV,TRAIN,MWCH0,M,DR5,SA2
audio/TRAIN_DR5_MWEM0_SA2.WAV,TRAIN,MWEM0,M,DR5,SA2
audio/TRAIN_DR5_MWSH0_SA2.WAV,TRAIN,MWSH0,M,DR5,SA2
audio/TRAIN_DR6_FAPB0_SA2.WAV,TRAIN,FAPB0,F,DR6,SA2
audio/TRAIN_DR6_FBCH0_SA2.WAV,TRAIN,FBCH0,F,DR6,SA2
audio/TRAIN_DR6_FHXS0_SA2.WAV,TRAIN,FHXS0,F,DR6,SA2
audio/TRAIN_DR6_FJDM2_SA2.WAV,TRAIN,FJDM2,F,DR6,SA2
audio/TRAIN_DR6_FKLC1_SA2.WAV,TRAIN,FKLC1,F,DR6,SA2
audio/TRAIN_DR6_FLAG0_SA2.WAV,TRAIN,FLAG0,F,DR6,SA2
audio/TRAIN_DR6_FMJU0_SA2.WAV,TRAIN,FMJU0,F,DR6,SA2
audio/TRAIN_DR6_FPAD0_SA2.WAV,TRAIN,FPAD0,F,DR6,SA2
audio/TRAIN_DR6_FRJB0_SA2.WAV,TRAIN,FRJB0,F,DR6,SA2
audio/TRAIN_DR6_FSBK0_SA2.WAV,TRAIN,FSBK0,F,DR6,SA2
audio/TRAIN_DR6_FSDJ0_SA2.WAV,TRAIN,FSDJ0,F,DR6,SA2
audio/TRAIN_DR6_FSGF0_SA2.WAV,TRAIN,FSGF0,F,DR6,SA2
audio/TRAIN_DR6_FTAJ0_SA2.WAV,TRAIN,FTAJ0,F,DR6,SA2
audio/TRAIN_DR6_MABC0_SA2.WAV,TRAIN,MABC0,M,DR6,SA2
audio/TRAIN_DR6_MAJP0_SA2.WAV,TRAIN,MAJP0,M,DR6,SA2
audio/TRAIN_DR6_MBMA1_SA2.WAV,TRAIN,MBMA1,M,DR6,SA2
audio/TRAIN_DR6_MCAE0_SA2.WAV,TRAIN,MCAE0,M,DR6,SA2
audio/TRAIN_DR6_MDRD0_SA2.WAV,TRAIN,MDRD0,M,DR6,SA2
audio/TRAIN_DR6_MEAL0_SA2.WAV,TRAIN,MEAL0,M,DR6,SA2
audio/TRAIN_DR6_MEJL0_SA2.WAV,TRAIN,MEJL0,M,DR6,SA2
audio/TRAIN_DR6_MESJ0_SA2.WAV,TRAIN,MESJ0,M,DR6,SA2
audio/TRAIN_DR6_MJRK0_SA2.WAV,TRAIN,MJRK0,M,DR6,SA2
audio/TRAIN_DR6_MKES0_SA2.WAV,TRAIN,MKES0,M,DR6,SA2
audio/TRAIN_DR6_MKLN0_SA2.WAV,TRAIN,MKLN0,M,DR6,SA2
audio/TRAIN_DR6_MMDB0_SA2.WAV,TRAIN,MMDB0,M,DR6,SA2
audio/TRAIN_DR6_MPGR1_SA2.WAV,TRAIN,MPGR1,M,DR6,SA2
audio/TRAIN_DR6_MRMB0_SA2.WAV,TRAIN,MRMB0,M,DR6,SA2
audio/TRAIN_DR6_MRXB0_SA2.WAV,TRAIN,MRXB0,M,DR6,SA2
audio/TRAIN_DR6_MSAT1_SA2.WAV,TRAIN,MSAT1,M,DR6,SA2
audio/TRAIN_DR6_MSDS0_SA2.WAV,TRAIN,MSDS0,M,DR6,SA2
audio/TRAIN_DR6_MSJK0_SA2.WAV,TRAIN,MSJK0,M,DR6,SA2
audio/TRAIN_DR6_MSMR0_SA2.WAV,TRAIN,MSMR0,M,DR6,SA2
audio/TRAIN_DR6_MSVS0_SA2.WAV,TRAIN,MSVS0,M,DR6,SA2
audio/TRAIN_DR6_MTJU0_SA2.WAV,TRAIN,MTJU0,M,DR6,SA2
audio/TRAIN_DR6_MTXS0_SA2.WAV,TRAIN,MTXS0,M,DR6,SA2
audio/TRAIN_DR7_FBLV0_SA2.WAV,TRAIN,FBLV0,F,DR7,SA2
audio/TRAIN_DR7_FCJS0_SA2.WAV,TRAIN,FCJS0,F,DR7,SA2
audio/TRAIN_DR7_FCRZ0_SA2.WAV,TRAIN,FCRZ0,F,DR7,SA2
audio/TRAIN_DR7_FJEN0_SA2.WAV,TRAIN,FJEN0,F,DR7,SA2
audio/TRAIN_DR7_FJHK0_SA2.WAV,TRAIN,FJHK0,F,DR7,SA2
audio/TRAIN_DR7_FJRP1_SA2.WAV,TRAIN,FJRP1,F,DR7,SA2
audio/TRAIN_DR7_FJSK0_SA2.WAV,TRAIN,FJSK0,F,DR7,SA2
audio/TRAIN_DR7_FKDE0_SA2.WAV,TRAIN,FKDE0,F,DR7,SA2
audio/TRAIN_DR7_FKSR0_SA2.WAV,TRAIN,FKSR0,F,DR7,SA2
audio/TRAIN_DR7_FLEH0_SA2.WAV,TRAIN,FLEH0,F,DR7,SA2
audio/TRAIN_DR7_FLET0_SA2.WAV,TRAIN,FLET0,F,DR7,SA2
audio/TRAIN_DR7_FMAH1_SA2.WAV,TRAIN,FMAH1,F,DR7,SA2
audio/TRAIN_DR7_FMKC0_SA2.WAV,TRAIN,FMKC0,F,DR7,SA2
audio/TRAIN_DR7_FPAB1_SA2.WAV,TRAIN,FPAB1,F,DR7,SA2
audio/TRAIN_DR7_FPAC0_SA2.WAV,TRAIN,FPAC0,F,DR7,SA2
audio/TRAIN_DR7_FREH0_SA2.WAV,TRAIN,FREH0,F,DR7,SA2
audio/TRAIN_DR7_FSPM0_SA2.WAV,TRAIN,FSPM0,F,DR7,SA2
audio/TRAIN_DR7_FVKB0_SA2.WAV,TRAIN,FVKB0,F,DR7,SA2
audio/TRAIN_DR7_MADD0_SA2.WAV,TRAIN,MADD0,M,DR7,SA2
audio/TRAIN_DR7_MAEO0_SA2.WAV,TRAIN,MAEO0,M,DR7,SA2
audio/TRAIN_DR7_MAFM0_SA2.WAV,TRAIN,MAFM0,M,DR7,SA2
audio/TRAIN_DR7_MBAR0_SA2.WAV,TRAIN,MBAR0,M,DR7,SA2
audio/TRAIN_DR7_MBBR0_SA2.WAV,TRAIN,MBBR0,M,DR7,SA2
audio/TRAIN_DR7_MBML0_SA2.WAV,TRAIN,MBML0,M,DR7,SA2
audio/TRAIN_DR7_MBOM0_SA2.WAV,TRAIN,MBOM0,M,DR7,SA2
audio/TRAIN_DR7_MBTH0_SA2.WAV,TRAIN,MBTH0,M,DR7,SA2
audio/TRAIN_DR7_MCLK0_SA2.WAV,TRAIN,MCLK0,M,DR7,SA2
audio/TRAIN_DR7_MCRE0_SA2.WAV,TRAIN,MCRE0,M,DR7,SA2
audio/TRAIN_DR7_MCTH0_SA2.WAV,TRAIN,MCTH0,M,DR7,SA2
audio/TRAIN_DR7_MDCM0_SA2.WAV,TRAIN,MDCM0,M,DR7,SA2
audio/TRAIN_DR7_MDED0_SA2.WAV,TRAIN,MDED0,M,DR7,SA2
audio/TRAIN_DR7_MDKS0_SA2.WAV,TRAIN,MDKS0,M,DR7,SA2
audio/TRAIN_DR7_MDLC1_SA2.WAV,TRAIN,MDLC1,M,DR7,SA2
audio/TRAIN_DR7_MDLM0_SA2.WAV,TRAIN,MDLM0,M,DR7,SA2
audio/TRAIN_DR7_MDLR0_SA2.WAV,TRAIN,MDLR0,M,DR7,SA2
audio/TRAIN_DR7_MDLR1_SA2.WAV,TRAIN,MDLR1,M,DR7,SA2
audio/TRAIN_DR7_MDPB0_SA2.WAV,TRAIN,MDPB0,M,DR7,SA2
audio/TRAIN_DR7_MFXS0_SA2.WAV,TRAIN,MFXS0,M,DR7,SA2
audio/TRAIN_DR7_MFXV0_SA2.WAV,TRAIN,MFXV0,M,DR7,SA2
audio/TRAIN_DR7_MGAK0_SA2.WAV,TRAIN,MGAK0,M,DR7,SA2
audio/TRAIN_DR7_MGAR0_SA2.WAV,TRAIN,MGAR0,M,DR7,SA2
audio/TRAIN_DR7_MGAW0_SA2.WAV,TRAIN,MGAW0,M,DR7,SA2
audio/TRAIN_DR7_MGSL0_SA2.WAV,TRAIN,MGSL0,M,DR7,SA2
audio/TRAIN_DR7_MHBS0_SA2.WAV,TRAIN,MHBS0,M,DR7,SA2
audio/TRAIN_DR7_MHXL0_SA2.WAV,TRAIN,MHXL0,M,DR7,SA2
audio/TRAIN_DR7_MJAI0_SA2.WAV,TRAIN,MJAI0,M,DR7,SA2
audio/TRAIN_DR7_MJDG0_SA2.WAV,TRAIN,MJDG0,M,DR7,SA2
audio/TRAIN_DR7_MJFR0_SA2.WAV,TRAIN,MJFR0,M,DR7,SA2
audio/TRAIN_DR7_MJJM0_SA2.WAV,TRAIN,MJJM0,M,DR7,SA2
audio/TRAIN_DR7_MJRA0_SA2.WAV,TRAIN,MJRA0,M,DR7,SA2
audio/TRAIN_DR7_MKAG0_SA2.WAV,TRAIN,MKAG0,M,DR7,SA2
audio/TRAIN_DR7_MKDB0_SA2.WAV,TRAIN,MKDB0,M,DR7,SA2
audio/TRAIN_DR7_MKLR0_SA2.WAV,TRAIN,MKLR0,M,DR7,SA2
audio/TRAIN_DR7_MMDG0_SA2.WAV,TRAIN,MMDG0,M,DR7,SA2
audio/TRAIN_DR7_MMWS1_SA2.WAV,TRAIN,MMWS1,M,DR7,SA2
audio/TRAIN_DR7_MNTW0_SA2.WAV,TRAIN,MNTW0,M,DR7,SA2
audio/TRAIN_DR7_MPAR0_SA2.WAV,TRAIN,MPAR0,M,DR7,SA2
audio/TRAIN_DR7_MPFU0_SA2.WAV,TRAIN,MPFU0,M,DR7,SA2
audio/TRAIN_DR7_MREM0_SA2.WAV,TRAIN,MREM0,M,DR7,SA2
audio/TRAIN_DR7_MRLJ1_SA2.WAV,TRAIN,MRLJ1,M,DR7,SA2
audio/TRAIN_DR7_MRMG0_SA2.WAV,TRAIN,MRMG0,M,DR7,SA2
audio/TRAIN_DR7_MRMH0_SA2.WAV,TRAIN,MRMH0,M,DR7,SA2
audio/TRAIN_DR7_MRPC1_SA2.WAV,TRAIN,MRPC1,M,DR7,SA2
audio/TRAIN_DR7_MSAH1_SA2.WAV,TRAIN,MSAH1,M,DR7,SA2
audio/TRAIN_DR7_MSDB0_SA2.WAV,TRAIN,MSDB0,M,DR7,SA2
audio/TRAIN_DR7_MSES0_SA2.WAV,TRAIN,MSES0,M,DR7,SA2
audio/TRAIN_DR7_MTAB0_SA2.WAV,TRAIN,MTAB0,M,DR7,SA2
audio/TRAIN_DR7_MTER0_SA2.WAV,TRAIN,MTER0,M,DR7,SA2
audio/TRAIN_DR7_MTKD0_SA2.WAV,TRAIN,MTKD0,M,DR7,SA2
audio/TRAIN_DR7_MTLC0_SA2.WAV,TRAIN,MTLC0,M,DR7,SA2
audio/TRAIN_DR7_MTML0_SA2.WAV,TRAIN,MTML0,M,DR7,SA2
audio/TRAIN_DR7_MTMN0_SA2.WAV,TRAIN,MTMN0,M,DR7,SA2
audio/TRAIN_DR7_MTPR0_SA2.WAV,TRAIN,MTPR0,M,DR7,SA2
audio/TRAIN_DR7_MTWH1_SA2.WAV,TRAIN,MTWH1,M,DR7,SA2
audio/TRAIN_DR7_MVRW0_SA2.WAV,TRAIN,MVRW0,M,DR7,SA2
audio/TRAIN_DR7_MWRE0_SA2.WAV,TRAIN,MWRE0,M,DR7,SA2
audio/TRAIN_DR7_MWRP0_SA2.WAV,TRAIN,MWRP0,M,DR7,SA2
audio/TRAIN_DR8_FBCG1_SA2.WAV,TRAIN,FBCG1,F,DR8,SA2
audio/TRAIN_DR8_FCEG0_SA2.WAV,TRAIN,FCEG0,F,DR8,SA2
audio/TRAIN_DR8_FCLT0_SA2.WAV,TRAIN,FCLT0,F,DR8,SA2
audio/TRAIN_DR8_FJRB0_SA2.WAV,TRAIN,FJRB0,F,DR8,SA2
audio/TRAIN_DR8_FKLH0_SA2.WAV,TRAIN,FKLH0,F,DR8,SA2
audio/TRAIN_DR8_FMBG0_SA2.WAV,TRAIN,FMBG0,F,DR8,SA2
audio/TRAIN_DR8_FNKL0_SA2.WAV,TRAIN,FNKL0,F,DR8,SA2
audio/TRAIN_DR8_FPLS0_SA2.WAV,TRAIN,FPLS0,F,DR8,SA2
audio/TRAIN_DR8_MBCG0_SA2.WAV,TRAIN,MBCG0,M,DR8,SA2
audio/TRAIN_DR8_MBSB0_SA2.WAV,TRAIN,MBSB0,M,DR8,SA2
audio/TRAIN_DR8_MCXM0_SA2.WAV,TRAIN,MCXM0,M,DR8,SA2
audio/TRAIN_DR8_MEJS0_SA2.WAV,TRAIN,MEJS0,M,DR8,SA2
audio/TRAIN_DR8_MKDD0_SA2.WAV,TRAIN,MKDD0,M,DR8,SA2
audio/TRAIN_DR8_MKRG0_SA2.WAV,TRAIN,MKRG0,M,DR8,SA2
audio/TRAIN_DR8_MMEA0_SA2.WAV,TRAIN,MMEA0,M,DR8,SA2
audio/TRAIN_DR8_MMLM0_SA2.WAV,TRAIN,MMLM0,M,DR8,SA2
audio/TRAIN_DR8_MMPM0_SA2.WAV,TRAIN,MMPM0,M,DR8,SA2
audio/TRAIN_DR8_MMWS0_SA2.WAV,TRAIN,MMWS0,M,DR8,SA2
audio/TRAIN_DR8_MRDM0_SA2.WAV,TRAIN,MRDM0,M,DR8,SA2
audio/TRAIN_DR8_MRLK0_SA2.WAV,TRAIN,MRLK0,M,DR8,SA2
audio/TRAIN_DR8_MRRE0_SA2.WAV,TRAIN,MRRE0,M,DR8,SA2
audio/TRAIN_DR8_MTCS0_SA2.WAV,TRAIN,MTCS0,M,DR8,SA2
audio/TEST_DR1_FAKS0_SA2.WAV,TEST,FAKS0,F,DR1,SA2
audio/TEST_DR1_FDAC1_SA2.WAV,TEST,FDAC1,F,DR1,SA2
audio/TEST_DR1_FELC0_SA2.WAV,TEST,FELC0,F,DR1,SA2
audio/TEST_DR1_FJEM0_SA2.WAV,TEST,FJEM0,F,DR1,SA2
audio/TEST_DR1_MDAB0_SA2.WAV,TEST,MDAB0,M,DR1,SA2
audio/TEST_DR1_MJSW0_SA2.WAV,TEST,MJSW0,M,DR1,SA2
audio/TEST_DR1_MREB0_SA2.WAV,TEST,MREB0,M,DR1,SA2
audio/TEST_DR1_MRJO0_SA2.WAV,TEST,MRJO0,M,DR1,SA2
audio/TEST_DR1_MSJS1_SA2.WAV,TEST,MSJS1,M,DR1,SA2
audio/TEST_DR1_MSTK0_SA2.WAV,TEST,MSTK0,M,DR1,SA2
audio/TEST_DR1_MWBT0_SA2.WAV,TEST,MWBT0,M,DR1,SA2
audio/TEST_DR2_FCMR0_SA2.WAV,TEST,FCMR0,F,DR2,SA2
audio/TEST_DR2_FDRD1_SA2.WAV,TEST,FDRD1,F,DR2,SA2
audio/TEST_DR2_FJAS0_SA2.WAV,TEST,FJAS0,F,DR2,SA2
audio/TEST_DR2_FJRE0_SA2.WAV,TEST,FJRE0,F,DR2,SA2
audio/TEST_DR2_FJWB0_SA2.WAV,TEST,FJWB0,F,DR2,SA2
audio/TEST_DR2_FPAS0_SA2.WAV,TEST,FPAS0,F,DR2,SA2
audio/TEST_DR2_FRAM1_SA2.WAV,TEST,FRAM1,F,DR2,SA2
audio/TEST_DR2_FSLB1_SA2.WAV,TEST,FSLB1,F,DR2,SA2
audio/TEST_DR2_MABW0_SA2.WAV,TEST,MABW0,M,DR2,SA2
audio/TEST_DR2_MBJK0_SA2.WAV,TEST,MBJK0,M,DR2,SA2
audio/TEST_DR2_MCCS0_SA2.WAV,TEST,MCCS0,M,DR2,SA2
audio/TEST_DR2_MCEM0_SA2.WAV,TEST,MCEM0,M,DR2,SA2
audio/TEST_DR2_MDBB0_SA2.WAV,TEST,MDBB0,M,DR2,SA2
audio/TEST_DR2_MDLD0_SA2.WAV,TEST,MDLD0,M,DR2,SA2
audio/TEST_DR2_MGWT0_SA2.WAV,TEST,MGWT0,M,DR2,SA2
audio/TEST_DR2_MJAR0_SA2.WAV,TEST,MJAR0,M,DR2,SA2
audio/TEST_DR2_MMDB1_SA2.WAV,TEST,MMDB1,M,DR2,SA2
audio/TEST_DR2_MMDM2_SA2.WAV,TEST,MMDM2,M,DR2,SA2
audio/TEST_DR2_MPDF0_SA2.WAV,TEST,MPDF0,M,DR2,SA2
audio/TEST_DR2_MPGL0_SA2.WAV,TEST,MPGL0,M,DR2,SA2
audio/TEST_DR2_MRCZ0_SA2.WAV,TEST,MRCZ0,M,DR2,SA2
audio/TEST_DR2_MRGG0_SA2.WAV,TEST,MRGG0,M,DR2,SA2
audio/TEST_DR2_MTAS1_SA2.WAV,TEST,MTAS1,M,DR2,SA2
audio/TEST_DR2_MTMR0_SA2.WAV,TEST,MTMR0,M,DR2,SA2
audio/TEST_DR2_MWEW0_SA2.WAV,TEST,MWEW0,M,DR2,SA2
audio/TEST_DR2_MWVW0_SA2.WAV,TEST,MWVW0,M,DR2,SA2
audio/TEST_DR3_FCMH0_SA2.WAV,TEST,FCMH0,F,DR3,SA2
audio/TEST_DR3_FKMS0_SA2.WAV,TEST,FKMS0,F,DR3,SA2
audio/TEST_DR3_FPKT0_SA2.WAV,TEST,FPKT0,F,DR3,SA2
audio/TEST_DR3_MBDG0_SA2.WAV,TEST,MBDG0,M,DR3,SA2
audio/TEST_DR3_MBWM0_SA2.WAV,TEST,MBWM0,M,DR3,SA2
audio/TEST_DR3_MCSH0_SA2.WAV,TEST,MCSH0,M,DR3,SA2
audio/TEST_DR3_MCTW0_SA2.WAV,TEST,MCTW0,M,DR3,SA2
audio/TEST_DR3_MGJF0_SA2.WAV,TEST,MGJF0,M,DR3,SA2
audio/TEST_DR3_MGLB0_SA2.WAV,TEST,MGLB0,M,DR3,SA2
audio/TEST_DR3_MHPG0_SA2.WAV,TEST,MHPG0,M,DR3,SA2
audio/TEST_DR3_MJBR0_SA2.WAV,TEST,MJBR0,M,DR3,SA2
audio/TEST_DR3_MJES0_SA2.WAV,TEST,MJES0,M,DR3,SA2
audio/TEST_DR3_MJJG0_SA2.WAV,TEST,MJJG0,M,DR3,SA2
audio/TEST_DR3_MJMP0_SA2.WAV,TEST,MJMP0,M,DR3,SA2
audio/TEST_DR3_MJVW0_SA2.WAV,TEST,MJVW0,M,DR3,SA2
audio/TEST_DR3_MKCH0_SA2.WAV,TEST,MKCH0,M,DR3,SA2
audio/TEST_DR3_MLNT0_SA2.WAV,TEST,MLNT0,M,DR3,SA2
audio/TEST_DR3_MMAB0_SA2.WAV,TEST,MMAB0,M,DR3,SA2
audio/TEST_DR3_MMDH0_SA2.WAV,TEST,MMDH0,M,DR3,SA2
audio/TEST_DR3_MMJR0_SA2.WAV,TEST,MMJR0,M,DR3,SA2
audio/TEST_DR3_MMWH0_SA2.WAV,TEST,MMWH0,M,DR3,SA2
audio/TEST_DR3_MRTK0_SA2.WAV,TEST,MRTK0,M,DR3,SA2
audio/TEST_DR3_MTAA0_SA2.WAV,TEST,MTAA0,M,DR3,SA2
audio/TEST_DR3_MTDT0_SA2.WAV,TEST,MTDT0,M,DR3,SA2
audio/TEST_DR3_MTHC0_SA2.WAV,TEST,MTHC0,M,DR3,SA2
audio/TEST_DR3_MWJG0_SA2.WAV,TEST,MWJG0,M,DR3,SA2
audio/TEST_DR4_FADG0_SA2.WAV,TEST,FADG0,F,DR4,SA2
audio/TEST_DR4_FCFT0_SA2.WAV,TEST,FCFT0,F,DR4,SA2
audio/TEST_DR4_FCRH0_SA2.WAV,TEST,FCRH0,F,DR4,SA2
audio/TEST_DR4_FDMS0_SA2.WAV,TEST,FDMS0,F,DR4,SA2
audio/TEST_DR4_FEDW0_SA2.WAV,TEST,FEDW0,F,DR4,SA2
audio/TEST_DR4_FGJD0_SA2.WAV,TEST,FGJD0,F,DR4,SA2
audio/TEST_DR4_FJLM0_SA2.WAV,TEST,FJLM0,F,DR4,SA2
audio/TEST_DR4_FJMG0_SA2.WAV,TEST,FJMG0,F,DR4,SA2
audio/TEST_DR4_FLBW0_SA2.WAV,TEST,FLBW0,F,DR4,SA2
audio/TEST_DR4_FLKD0_SA2.WAV,TEST,FLKD0,F,DR4,SA2
audio/TEST_DR4_FMAF0_SA2.WAV,TEST,FMAF0,F,DR4,SA2
audio/TEST_DR4_FMCM0_SA2.WAV,TEST,FMCM0,F,DR4,SA2
audio/TEST_DR4_FNMR0_SA2.WAV,TEST,FNMR0,F,DR4,SA2
audio/TEST_DR4_FREW0_SA2.WAV,TEST,FREW0,F,DR4,SA2
audio/TEST_DR4_FRNG0_SA2.WAV,TEST,FRNG0,F,DR4,SA2
audio/TEST_DR4_FSEM0_SA2.WAV,TEST,FSEM0,F,DR4,SA2
audio/TEST_DR4_MBNS0_SA2.WAV,TEST,MBNS0,M,DR4,SA2
audio/TEST_DR4_MDLS0_SA2.WAV,TEST,MDLS0,M,DR4,SA2
audio/TEST_DR4_MDRM0_SA2.WAV,TEST,MDRM0,M,DR4,SA2
audio/TEST_DR4_MGMM0_SA2.WAV,TEST,MGMM0,M,DR4,SA2
audio/TEST_DR4_MJDM1_SA2.WAV,TEST,MJDM1,M,DR4,SA2
audio/TEST_DR4_MJRF0_SA2.WAV,TEST,MJRF0,M,DR4,SA2
audio/TEST_DR4_MKCL0_SA2.WAV,TEST,MKCL0,M,DR4,SA2
audio/TEST_DR4_MLJB0_SA2.WAV,TEST,MLJB0,M,DR4,SA2
audio/TEST_DR4_MLLL0_SA2.WAV,TEST,MLLL0,M,DR4,SA2
audio/TEST_DR4_MPCS0_SA2.WAV,TEST,MPCS0,M,DR4,SA2
audio/TEST_DR4_MPLB0_SA2.WAV,TEST,MPLB0,M,DR4,SA2
audio/TEST_DR4_MPWM0_SA2.WAV,TEST,MPWM0,M,DR4,SA2
audio/TEST_DR4_MRKO0_SA2.WAV,TEST,MRKO0,M,DR4,SA2
audio/TEST_DR4_MROA0_SA2.WAV,TEST,MROA0,M,DR4,SA2
audio/TEST_DR4_MTEB0_SA2.WAV,TEST,MTEB0,M,DR4,SA2
audio/TEST_DR4_MTLS0_SA2.WAV,TEST,MTLS0,M,DR4,SA2
audio/TEST_DR5_FASW0_SA2.WAV,TEST,FASW0,F,DR5,SA2
audio/TEST_DR5_FAWF0_SA2.WAV,TEST,FAWF0,F,DR5,SA2
audio/TEST_DR5_FCAL1_SA2.WAV,TEST,FCAL1,F,DR5,SA2
audio/TEST_DR5_FGMD0_SA2.WAV,TEST,FGMD0,F,DR5,SA2
audio/TEST_DR5_FHES0_SA2.WAV,TEST,FHES0,F,DR5,SA2
audio/TEST_DR5_FHEW0_SA2.WAV,TEST,FHEW0,F,DR5,SA2
audio/TEST_DR5_FJCS0_SA2.WAV,TEST,FJCS0,F,DR5,SA2
audio/TEST_DR5_FJSA0_SA2.WAV,TEST,FJSA0,F,DR5,SA2
audio/TEST_DR5_FMAH0_SA2.WAV,TEST,FMAH0,F,DR5,SA2
audio/TEST_DR5_FNLP0_SA2.WAV,TEST,FNLP0,F,DR5,SA2
audio/TEST_DR5_FUTB0_SA2.WAV,TEST,FUTB0,F,DR5,SA2
audio/TEST_DR5_MAHH0_SA2.WAV,TEST,MAHH0,M,DR5,SA2
audio/TEST_DR5_MBPM0_SA2.WAV,TEST,MBPM0,M,DR5,SA2
audio/TEST_DR5_MCMB0_SA2.WAV,TEST,MCMB0,M,DR5,SA2
audio/TEST_DR5_MCRC0_SA2.WAV,TEST,MCRC0,M,DR5,SA2
audio/TEST_DR5_MCTT0_SA2.WAV,TEST,MCTT0,M,DR5,SA2
audio/TEST_DR5_MDAC2_SA2.WAV,TEST,MDAC2,M,DR5,SA2
audio/TEST_DR5_MDRB0_SA2.WAV,TEST,MDRB0,M,DR5,SA2
audio/TEST_DR5_MDWA0_SA2.WAV,TEST,MDWA0,M,DR5,SA2
audio/TEST_DR5_MDWK0_SA2.WAV,TEST,MDWK0,M,DR5,SA2
audio/TEST_DR5_MFGK0_SA2.WAV,TEST,MFGK0,M,DR5,SA2
audio/TEST_DR5_MKLT0_SA2.WAV,TEST,MKLT0,M,DR5,SA2
audio/TEST_DR5_MLIH0_SA2.WAV,TEST,MLIH0,M,DR5,SA2
audio/TEST_DR5_MRJM3_SA2.WAV,TEST,MRJM3,M,DR5,SA2
audio/TEST_DR5_MRPP0_SA2.WAV,TEST,MRPP0,M,DR5,SA2
audio/TEST_DR5_MRRK0_SA2.WAV,TEST,MRRK0,M,DR5,SA2
audio/TEST_DR5_MRWS1_SA2.WAV,TEST,MRWS1,M,DR5,SA2
audio/TEST_DR5_MSFH1_SA2.WAV,TEST,MSFH1,M,DR5,SA2
audio/TEST_DR6_FDRW0_SA2.WAV,TEST,FDRW0,F,DR6,SA2
audio/TEST_DR6_FLNH0_SA2.WAV,TEST,FLNH0,F,DR6,SA2
audio/TEST_DR6_FMGD0_SA2.WAV,TEST,FMGD0,F,DR6,SA2
audio/TEST_DR6_MCMJ0_SA2.WAV,TEST,MCMJ0,M,DR6,SA2
audio/TEST_DR6_MDSC0_SA2.WAV,TEST,MDSC0,M,DR6,SA2
audio/TEST_DR6_MESD0_SA2.WAV,TEST,MESD0,M,DR6,SA2
audio/TEST_DR6_MJDH0_SA2.WAV,TEST,MJDH0,M,DR6,SA2
audio/TEST_DR6_MJFC0_SA2.WAV,TEST,MJFC0,M,DR6,SA2
audio/TEST_DR6_MPAM1_SA2.WAV,TEST,MPAM1,M,DR6,SA2
audio/TEST_DR6_MRJR0_SA2.WAV,TEST,MRJR0,M,DR6,SA2
audio/TEST_DR6_MRJS0_SA2.WAV,TEST,MRJS0,M,DR6,SA2
audio/TEST_DR7_FCAU0_SA2.WAV,TEST,FCAU0,F,DR7,SA2
audio/TEST_DR7_FDHC0_SA2.WAV,TEST,FDHC0,F,DR7,SA2
audio/TEST_DR7_FGWR0_SA2.WAV,TEST,FGWR0,F,DR7,SA2
audio/TEST_DR7_FISB0_SA2.WAV,TEST,FISB0,F,DR7,SA2
audio/TEST_DR7_FLAS0_SA2.WAV,TEST,FLAS0,F,DR7,SA2
audio/TEST_DR7_FMML0_SA2.WAV,TEST,FMML0,F,DR7,SA2
audio/TEST_DR7_FSXA0_SA2.WAV,TEST,FSXA0,F,DR7,SA2
audio/TEST_DR7_FTLH0_SA2.WAV,TEST,FTLH0,F,DR7,SA2
audio/TEST_DR7_MCHH0_SA2.WAV,TEST,MCHH0,M,DR7,SA2
audio/TEST_DR7_MDLF0_SA2.WAV,TEST,MDLF0,M,DR7,SA2
audio/TEST_DR7_MDVC0_SA2.WAV,TEST,MDVC0,M,DR7,SA2
audio/TEST_DR7_MERS0_SA2.WAV,TEST,MERS0,M,DR7,SA2
audio/TEST_DR7_MGRT0_SA2.WAV,TEST,MGRT0,M,DR7,SA2
audio/TEST_DR7_MKDR0_SA2.WAV,TEST,MKDR0,M,DR7,SA2
audio/TEST_DR7_MKJL0_SA2.WAV,TEST,MKJL0,M,DR7,SA2
audio/TEST_DR7_MNJM0_SA2.WAV,TEST,MNJM0,M,DR7,SA2
audio/TEST_DR7_MNLS0_SA2.WAV,TEST,MNLS0,M,DR7,SA2
audio/TEST_DR7_MPAB0_SA2.WAV,TEST,MPAB0,M,DR7,SA2
audio/TEST_DR7_MRCS0_SA2.WAV,TEST,MRCS0,M,DR7,SA2
audio/TEST_DR7_MRJM4_SA2.WAV,TEST,MRJM4,M,DR7,SA2
audio/TEST_DR7_MRMS1_SA2.WAV,TEST,MRMS1,M,DR7,SA2
audio/TEST_DR7_MRPC0_SA2.WAV,TEST,MRPC0,M,DR7,SA2
audio/TEST_DR7_MTWH0_SA2.WAV,TEST,MTWH0,M,DR7,SA2
audio/TEST_DR8_FCMH1_SA2.WAV,TEST,FCMH1,F,DR8,SA2
audio/TEST_DR8_FJSJ0_SA2.WAV,TEST,FJSJ0,F,DR8,SA2
audio/TEST_DR8_FMLD0_SA2.WAV,TEST,FMLD0,F,DR8,SA2
audio/TEST_DR8_MAJC0_SA2.WAV,TEST,MAJC0,M,DR8,SA2
audio/TEST_DR8_MDAW1_SA2.WAV,TEST,MDAW1,M,DR8,SA2
audio/TEST_DR8_MJLN0_SA2.WAV,TEST,MJLN0,M,DR8,SA2
audio/TEST_DR8_MJTC0_SA2.WAV,TEST,MJTC0,M,DR8,SA2
audio/TEST_DR8_MJTH0_SA2.WAV,TEST,MJTH0,M,DR8,SA2
audio/TEST_DR8_MPAM0_SA2.WAV,TEST,MPAM0,M,DR8,SA2
audio/TEST_DR8_MRES0_SA2.WAV,TEST,MRES0,M,DR8,SA2
audio/TEST_DR8_MSLB0_SA2.WAV,TEST,MSLB0,M,DR8,SA2
